Number,Negative
1,v
11,
22,v
23,
25,
39,
42,v
45,
57,
61,
65,
70,
87,
93,
95,v
96,v
98,v
99,
110,
121,v
129,
132,
144,v
149,v
151,
153,
170,
171,
177,
181,
191,v
194,v
196,
199,
204,
213,
225,
231,
248,
261,
262,
264,
270,
273,
284,
287,
296,
300,v
305,
313,
321,v
327,
340,
347,
348,
350,
358,v
359,v
360,
374,
398,
411,
417,
418,
421,
422,v
423,v
428,
431,
435,
440,v
442,
444,v
447,
450,
455,
460,
462,
470,v
471,
473,v
474,
475,v
477,
478,
481,
482,
489,
497,
502,
507,
508,
515,
523,
532,v
533,
539,
550,
553,v
556,
559,
563,
564,
577,
583,
585,
587,
590,
591,
596,
599,
610,
650,
672,v
675,
677,
685,
686,
691,
692,
703,
708,
710,v
714,
721,v
725,
726,
727,
750,v
760,
776,
778,
783,
789,
797,
798,
801,
802,
814,
829,
831,
835,
842,
843,
844,
849,
857,
860,
867,
877,v
885,v
887,v
891,
893,
898,
908,
911,
925,
930,
932,v
938,
941,
946,
960,
961,
964,
965,v
967,
1000,v
1012,
1014,
1019,
1026,
1029,
1030,
1031,v
1045,
1057,
1061,
1063,
1069,
1076,
1084,
1097,v
1113,
1114,
1124,
1133,v
1137,
1139,
1144,
1147,
1151,
1154,
1168,
1173,
1175,
1176,
1179,
1186,
1204,
1211,v
1213,
1216,
1217,
1229,
1231,v
1233,
1238,
1246,
1247,
1248,
1250,
1253,v
1258,
1260,
1265,
1271,
1278,v
1281,
1284,
1295,v
1298,
1306,
1312,v
1319,
1325,
1335,
1339,
1342,
1352,
1355,
1359,
1368,v
1371,
1376,
1387,
1399,
1406,
1417,
1421,
1427,
1430,
1434,
1434,
1451,
1452,
1453,
1459,
1469,
1477,
1489,
1490,
1497,
1498,
1501,
1502,
1511,
1525,v
1535,
1556,
1566,
1574,
1575,
1581,
1583,v
1590,
1597,
1601,
1606,
1608,v
1619,
1622,
1625,
1631,v
1633,
1636,
1639,
1645,
1647,
1661,
1669,
1671,
1673,
1674,
1695,
1699,
1704,
1709,
1715,
1718,
1730,
1736,
1739,
1745,
1763,v
1769,v
1770,
1775,
1776,
1783,
1786,
1787,
1788,
1790,
1799,
1803,v
1819,
1821,
1832,
1835,
1837,
1848,
1849,
1856,
1865,
1866,
1867,
1868,
1870,
1882,
1883,
1884,
1890,
1896,
1900,
1913,
1915,
1916,
1918,
1919,
1921,
1925,
1935,
1939,
1941,
1942,v
1944,
1957,
1958,
1969,
1970,
1972,
1974,
1991,
1996,
2011,
2017,
2022,
2032,
2034,
2041,
2043,
2044,
2045,
2048,
2051,
2053,
2054,
2055,
2073,
2079,
2080,
2091,
2100,
2105,
2107,
2109,
2115,
2121,
2123,
2133,
2134,
2149,
2152,
2159,
2161,
2163,v
2164,
2168,
2173,v
2174,
2175,
2177,
2182,
2186,v
2198,
2199,
2211,
2214,
2216,
2220,v
2244,v
2246,
2247,
2248,
2255,
2267,
2268,
2270,
2279,
2287,
2296,
2306,
2308,
2319,
2324,
2330,
2337,
2338,
2340,v
2343,
2362,
2375,
2381,
2384,v
2387,
2388,
2389,
2393,
2404,
2405,
2421,
2427,
2428,
2429,
2442,
2444,v
2456,
2457,
2465,
2482,
2483,
2487,
2496,
2498,
2510,
2516,
2517,
2521,v
2524,
2525,
2526,
2527,
2532,
2540,
2544,
2547,
2548,
2551,
2552,
2563,
2573,
2579,
2586,
2603,
2605,
2608,
2610,
2614,
2615,
2622,
2635,
2640,
2651,
2656,
2657,
2660,
2672,
2679,
2681,
2687,
2688,
2689,
2690,
2691,
2692,
2699,
2701,
2709,
2711,
2716,
2717,
2728,
2729,
2733,
2735,
2739,
2741,
2742,
2747,
2757,
2758,
2772,
2775,
2776,
2777,
2780,
2782,v
2783,
2785,
2792,
2793,
2797,
2799,
2801,
2802,v
2815,
2816,
2819,
2827,
2828,
2830,
2831,
2832,
2834,
2837,v
2843,
2845,
2849,
2863,
2864,v
2880,
2884,v
2888,
2892,
2897,
2904,
2913,
2921,
2922,
2923,
2963,
2967,
2984,
2998,
2999,
3000,
3004,
3005,
3009,
3016,
3027,
3028,
3029,
3037,
3038,
3045,
3048,
3049,
3058,
3062,
3063,v
3068,
3069,
3071,
3073,
3085,
3093,
3094,
3095,
3096,
3104,
3110,
3121,
3124,
3144,
3146,
3148,
3149,
3162,
3164,
3165,
3168,
3183,
3191,
3199,
3201,
3203,v
3204,
3213,
3218,v
3222,
3223,v
3224,
3231,
3234,v
3241,
3245,
3248,
3250,
3260,
3264,v
3269,
3270,
3271,
3275,
3276,
3277,
3282,
3289,
3290,
3294,
3295,
3297,
3299,
3307,
3308,
3312,
3313,
3316,
3318,
3320,
3334,
3335,
3336,
3337,
3339,v
3340,
3341,
3343,
3344,
3348,
3359,
3361,
3365,
3367,
3372,
3374,
3375,
3380,
3381,
3382,
3383,
3385,
3390,
3391,
3398,
3401,
3410,
3416,
3425,
3432,
3443,
3447,
3450,v
3451,
3454,
3458,
3464,
3471,
3472,
3474,
3476,
3478,
3484,
3485,
3492,
3494,
3495,
3500,
3501,
3506,
3507,
3513,
3515,
3522,
3523,
3533,
3542,
3552,
3557,
3559,
3561,
3575,
3576,
3580,
3582,
3585,
3586,
3591,
3595,
3600,
3602,
3607,
3609,
3611,v
3616,
3617,
3621,
3626,
3628,
3629,
3638,
3639,
3648,
3650,
3654,
3664,
3666,
3668,
3670,
3671,
3675,
3676,
3678,
3686,
3688,
3689,
3693,
3694,
3695,
3696,
3698,
3701,
3703,
3706,v
3711,
3715,
3728,
3729,
3733,
3736,
3739,
3743,
3744,v
3753,
3763,
3770,
3774,
3775,
3777,
3784,
3796,v
3800,
3805,
3806,
3810,v
3811,
3812,v
3814,
3815,
3823,
3828,
3830,
3833,
3836,
3837,
3839,
3847,
3848,
3857,
3863,
3865,
3873,
3874,
3882,
3884,
3889,
3903,
3905,
3916,
3917,
3920,
3923,
3924,
3929,
3930,
3937,
3939,
3943,
3944,
3949,
3950,
3958,
3960,
3964,
3965,
3967,
3973,
3982,
3988,
3998,
4000,
4001,
4002,
4008,
4009,
4010,
2012,
4014,
4015,
4018,
4026,
4029,
4030,
4035,
4039,
4040,
4044,
4055,
4061,
4064,
4070,
4072,
4073,
4076,
4080,
4084,
4085,
4090,
4096,
4097,
4098,
4101,
4102,
4106,
4109,
4110,
4117,
4120,
4123,
4126,
4134,
4141,
4142,
4143,
4145,
4147,
4148,
4153,
4157,
4164,
4172,
4174,
4177,
4178,
4183,
4184,
4185,
4188,
4190,
4193,
4196,
4224,
4229,
4232,
4235,
4238,
4242,
4243,
4244,
4245,
4250,
4266,
4268,
4277,
4282,
4286,
4292,
4298,
4302,
4303,v
4307,
4310,
4311,
4315,
4322,
4324,
4325,
4326,
4327,
4330,
4338,
4345,
4348,
4349,
4350,
4355,
4357,
4362,
4365,
4369,
4371,
4372,
4374,
4376,
4377,
4379,
4381,
4384,v
4385,
4388,
4390,
4393,
4395,
4396,
4400,
4403,
4405,
4409,
4412,
4415,
4417,v
4419,
4422,
4427,
4429,
4430,
4431,
4432,
4233,
4234,
4435,
4436,
4437,
4443,
4447,
4451,
4453,
4457,
4460,
4461,
4462,
4463,
4468,
4469,
4472,
4473,
4474,
4475,
4477,
4478,
4480,
4482,
4494,
4495,
4497,
4501,
4504,
4507,
4509,
4510,
4512,
4518,
4521,
4523,
4524,
4526,
4529,
4530,
4532,
4536,
4537,
4541,
4542,
4543,
4544,
4546,
4547,
4548,
4552,
4553,
4554,
4555,
4556,
4560,
4565,
4566,
4569,
4570,
4575,v
4577,
4585,
4586,
4588,
4591,
4593,
4596,
4600,
4602,
4606,
4610,
4612,
4615,
4620,
4634,
4640,
4641,
4650,
4651,
4660,
4661,
4664,
4673,
4681,
4691,
4696,
4698,
4700,
4702,
4706,
4707,
4708,
4713,
4714,
4715,
4717,
4721,
4723,
4724,
4730,
4735,
4738,
4741,
4743,
4745,
4746,
4750,
4753,
4758,
4760,
4761,v
4765,
4768,
4771,
4774,
4780,
4783,
4787,
4797,
4801,
4804,
4806,
4809,
4810,
4813,
4814,
4819,
4821,
4823,v
4825,
4828,
4830,
4831,
4835,
4836,
4839,
4840,
4845,
4846,
4848,
4849,
4850,
4851,
4853,
4859,
4861,
4863,
4868,
4870,
4871,
4874,
4875,
4878,
4879,
4880,
4888,
4889,
4891,
4892,
4899,
4901,
4902,
4905,
4910,
4911,
4913,
4914,
4918,
4923,
4926,
4933,v
4941,
4945,
4952,
4954,
4961,
4967,
4972,
4973,
4974,
4975,
4976,
4978,
4987,
4991,
4999,v
5000,
5003,
5005,
5006,
5009,
5013,
5014,
5018,
5019,
5020,
5028,
5032,v
5033,
5046,
5052,
5060,
5062,v
5067,
5068,
5071,
5072,
5073,
5080,
5084,
5088,
5095,
5099,v
5102,
5104,
5108,
5124,
5125,
5126,
5135,
5139,
5147,
5156,
5158,
5159,
5162,
5174,
5175,
5177,
5178,
5179,
5183,
5190,
5192,
5194,
5196,
5198,
5201,
5208,
5210,
5214,
5216,
5217,v
5220,
5221,
5226,
5231,
5232,
5233,
5237,
5239,
5250,v
5251,
5252,
5253,
5255,
5257,
5259,
5261,
5266,
5269,
5271,
5277,
5281,
5295,
5308,
5312,
5314,
5315,
5316,
5319,
5320,
5321,
5322,
5324,
5326,
5327,
5328,
5333,
5334,
5335,
5338,
5347,
5350,
5354,
5356,
5360,
5365,
5370,
5373,
5377,
5382,
5391,
5392,
5397,
5400,
5401,
5402,
5403,
5404,
5405,
5411,
5416,
5423,
5424,
5427,
5428,
5432,
5435,
5436,
5437,
5446,
5448,
5453,
5459,
5461,
5469,
5477,
5479,
5483,
5486,
5489,
5491,
5492,
5494,
5503,
5505,
5514,
5517,
5523,
5524,
5526,
5528,
5530,
5536,
5538,
5540,
5544,
5545,
5548,
5549,
5550,
5554,
5558,
5560,
5561,
5563,v
5565,
5567,
5568,
5569,
5571,
5582,
5583,
5584,
5588,
5589,
5591,
5599,
5601,
5603,
5605,
5610,
5613,
5616,
5621,
5624,
5626,
5628,
5631,
5632,
5632,
5635,
5647,
5648,
5651,v
5652,
5659,
5660,
5662,
5665,v
5668,
5669,
5670,
5675,
5678,
5680,
5682,
5683,
5685,
5686,
5691,
5704,
5706,
5713,
5715,
5718,
5723,
5724,
5624,
5727,
5728,
5730,
5735,
5740,
5742,
5744,
5748,
5751,
5758,
5760,
5766,
5767,
5768,
5770,
5771,
5774,
5776,
5778,
5784,
5786,
5792,
5794,
5800,
5801,
5802,
5803,
5813,
5815,
5816,
5819,
5821,
5823,
5827,
5829,
5830,
5831,
5833,
5840,
5841,
5846,
5854,
5864,
5866,
5868,
5875,
5880,
5885,
5888,
5891,
5894,
5895,
5897,
5901,
5910,
5913,
5916,
5917,
5923,
5924,
5929,
5930,
5931,
5934,
5935,
5940,
5941,
5944,
5945,
5953,
5956,
5958,
5966,
5968,
5969,
5970,
5971,
5978,
5983,
5985,
5986,
5994,
5995,
5996,
5998,
6000,
6003,
6004,
6010,
6011,
6017,
6021,
6023,
6029,
6031,
6038,
6040,
6042,
6044,
6047,
6049,
6053,
6056,
6058,
6062,
6064,
6076,
6080,
6082,
6084,
6085,
6089,
6090,
6093,
6094,
6096,
6107,
6114,
6117,
6125,
6126,
6127,
6128,
6129,
6135,
6139,
6140,
6146,
6148,
6150,
6160,
6162,
6164,
6165,
6173,
6174,
6176,
6182,
6184,
6191,
6199,
6204,
6028,
6212,
6214,
6218,
6220,
6221,
6222,
6223,
6225,
6228,
6231,
6234,
6235,
6237,
6240,
6241,
6245,
6253,
6457,
6259,
6363,
6266,
6275,
6277,
6278,
6280,
6281,
6287,
6293,
6306,
6309,
6315,
6319,
6320,
6322,
6324,
6327,
6336,
6340,
6344,
6345,
6346,
6348,
6357,
6360,
6361,
6362,
6365,
6370,
6371,
6375,
6377,
6380,
6382,
6385,
6387,
6388,
6391,
6396,
6399,
6400,
6401,
6409,
6413,
6418,
6419,
6423,
6424,
6425,
6430,
6434,
6435,
6452,
6455,
6467,
6472,v
6474,
6482,
6484,
6486,
6492,
6493,
6495,
6498,
6500,
6502,
6507,
6511,
6518,
6519,
6520,
6524,
6529,
6533,
6534,
6536,
6537,
6539,
6542,
6563,
6568,
6570,
6572,
6577,
6578,
6582,
6583,
6586,
6593,
6598,
6599,
6602,
6605,
6612,
6613,
6616,
6626,
6627,
6641,
6643,v
6645,
6648,
6655,
6661,
6667,
6673,
6676,
6682,
6684,
6686,
6693,
6694,
6701,
6703,
6705,
6707,
6712,
6715,
6720,
6724,
6730,
6735,
6736,
6738,
6741,
6742,
6750,
6751,
6758,
6768,
6774,
6776,
6777,
6778,
6787,
6790,
6793,
6795,
6797,
6809,
6812,
6821,
6822,
6824,
6825,
6827,
6829,
6836,
6843,
6847,
6852,
6857,
6859,
6863,
6864,
6867,
6869,
6870,
6871,
6880,
6885,
6887,
6894,
6896,
6901,
6902,
6904,
6907,
6920,
6921,
6922,
6923,
6926,
6928,
6936,
6937,
6938,
6940,
6941,
6942,
6951,
6955,
6957,
6964,
6973,v
6980,
6984,
6986,
6987,
6988,
6992,
6999,
7000,
7006,
7009,
7010,
7011,
7014,
7016,
7017,
7018,
7020,
7023,
7029,
7030,
7034,
7036,
7038,v
7039,
7040,
7042,
7044,
7049,
7052,
7054,
7058,v
7060,
7061,
7065,
7067,
7069,
7071,
7072,
7076,
7079,
7080,
7081,
7087,
7091,
7092,
7094,
7095,
7099,
7107,
7112,
7114,
7115,v
7116,
7117,
7119,
7121,
7123,
7124,
7125,
7128,
7138,
7141,
7150,
7151,
7155,
7157,
7159,
7163,
7165,
7166,
7168,
7169,
7170,
7171,
7175,
7177,
7178,
7179,
7182,
7183,
7187,
7189,
7197,
7201,
7201,
7207,
7208,
7210,
7212,
7216,
7220,
7224,
7231,
7234,
7237,
7242,
7251,
7252,
7258,
7263,
7266,
7268,v
7274,
7287,
7288,
7290,
7291,
7292,
7293,
7295,
7296,
7299,
7300,
7308,
7309,
7312,
7314,
7317,
7318,
7321,
7330,
7336,
7339,
7348,
7351,
7352,
7356,
7357,
7363,
7368,
7379,
7384,
7386,
7391,
7398,
7404,
7405,
7407,
7409,
7412,
7413,
7414,
7415,
7424,
7425,
7427,
7428,
7435,
7443,
7447,
7450,
7451,
7453,
7455,
7463,
7465,
7466,
7472,
7476,
7478,
7480,
7481,
7482,
7484,
7496,
7499,
7503,
7510,
7514,
7518,
7519,
7528,
7529,
7530,
7531,
7539,
7542,
7553,
7554,
7560,
7561,
7562,
7564,
7567,
7573,
7576,
7577,
7579,
7585,
7592,
7602,
7612,
7624,
7626,
7627,
7633,
7638,
7639,
7640,
7642,
7650,
7655,
7659,
7660,
7680,v
7706,
7708,
7711,
7712,
7714,
7716,
7719,
7720,
7722,
7730,
7731,
7735,
7738,
7742,
7744,
7755,
7757,
7758,
7761,
7773,
7776,
7779,
7784,
7785,
7790,
7794,
7801,
7811,
7812,
7819,
7824,
7829,
7837,
7838,
7845,
7852,
7855,
7860,
7861,
7863,
7865,
7867,
7869,
7871,
7872,
7876,
7880,
7885,
7888,
7897,
7899,
7900,v
7902,
7904,
7907,
7908,
7912,
7913,
7914,
7915,
7919,
7921,v
7922,
7925,
7927,
7932,
7934,
7937,
7943,
7944,
7946,
7950,
7953,
7960,
7963,
7965,
7972,
7983,
7985,
7897,
7999,
8000,
8003,
8007,
8009,
8011,
8013,
8015,
8020,
8030,
8033,
8035,
8036,
8037,
8038,
8042,
8043,
8045,
8046,
8047,
8054,
8056,
8058,
8060,
8065,
8066,
8067,
8068,
8069,
8073,
8080,
8081,
8082,
8085,
8088,
8095,
8099,
8103,
8107,
8111,
8112,
8113,
8114,
8115,
8124,
8126,
8130,
8135,v
8136,
8138,
8140,
8145,
8157,
8161,
8163,
8166,
8167,
8168,
8169,
8170,
8172,
8173,
8177,
8180,
8181,
8183,
8185,
8187,
8188,
8190,
8191,
8194,
8195,
8196,
8200,
8201,
8203,
8205,
8212,
8214,
8215,
8220,
8221,
8222,
8223,
8224,
8225,
8228,
8230,
8235,
8242,
8252,
8253,
8256,
8258,
8262,
8266,
8269,
8271,
8273,
8277,
8278,
8279,
8284,
8285,
8288,
8290,
8295,
8297,
8299,
8306,
8307,
8309,
8311,
8313,
8314,
8315,
8317,
8320,
8321,
8322,
8323,
8329,
8331,
8332,
8335,
8336,
8337,
8339,
8341,
8342,
8346,
8351,
8356,
8358,
8361,
8367,
8369,
8375,
8381,
8383,
8384,
8385,
8388,
8395,
8397,
8398,
8399,
8400,
8401,
8404,
8408,
8410,
8411,
8412,
8413,
8415,
8417,
8419,
8420,
8422,
8425,
8428,
8429,
8435,
8438,
8442,
8445,
8448,
8456,
8463,
8468,
8469,
8471,
8473,
8477,
8478,
8485,
8487,
8488,
8491,v
8492,
8502,
8505,
8506,
8507,
8511,
8517,
8518,
8519,
8521,
8522,
8523,
8524,
8532,
8535,
8537,
8538,
8539,
8542,
8543,
8544,
8545,
8546,
8551,
8552,
8557,
8559,
8561,
8565,
8566,
8569,
8572,
8577,
8583,
8586,
8589,
8590,
8598,
8601,
8602,
8603,
8606,
8608,
8611,
8612,
8616,
8624,
8625,
8627,
8635,
8642,
8645,
8647,
8648,
8652,
8655,
8658,
8659,
8662,
8666,
8670,
8671,
8677,
8679,
8685,
8688,
8690,
8691,
8700,
8703,
8706,
8707,
8719,
8721,
8723,
8724,
8725,
8733,
8734,
8739,
8742,
8745,
8755,
8758,
8759,
8760,
8763,
8764,
8770,
8777,
8780,
8790,
8792,
8793,
8795,
8797,
8800,
8801,
8805,
8806,
8814,
8823,
8824,
8826,
8829,
8834,
8837,
8845,
8853,
8861,
8870,
8871,
8875,
8881,
8889,
8893,
8899,
8900,
8901,
8906,
8910,
8915,
8917,
8924,
8926,
8928,
8929,
8934,
8935,
8937,
8952,
8953,
8955,
8958,
8961,
8965,
8966,
8968,
8969,
8971,
8973,
8976,
8979,
8980,
8982,
8985,
8989,
8990,
8991,
8992,
8994,
8996,
8998,
9002,
9005,
9006,
9016,
9017,
9018,
9019,
9020,
9021,
9022,
9024,
9025,
9027,
9031,
9039,
9045,
9047,
9056,
9057,
9058,
9059,
9062,
9068,
9070,
9071,
9073,
9074,
9079,
9080,
9081,
9084,
9085,
9088,
9089,
9091,
9094,
9098,
9100,
9103,
9112,
9113,
9118,v
9119,
9122,
9123,v
9125,
9130,
9133,
9134,
9138,
9140,
9144,v
9145,
9147,
9149,
9152,
9154,
9155,
9157,
9158,
9160,
9169,
9174,
9182,
9191,
9194,v
9197,
9205,
9206,
9210,
9211,
9217,
9221,
9223,
9225,
9227,
9231,
9234,v
9236,
9238,
9240,v
9241,
9243,
9244,
9246,
9248,
9251,
9252,
9254,
9255,
9258,
9259,
9260,
9263,
9266,
9268,
9273,
9275,
9279,
9282,
9282,
9291,
9294,
9300,
9318,
9319,
9321,
9322,
9324,
9326,
9337,
9339,
9342,
9344,
9351,
9354,
9359,
9366,
9368,
9381,
9382,
9383,
9389,
9390,
9393,
9396,
9400,
9401,
9401,
9402,
9414,
9416,
9417,
9424,
9426,
9431,
9433,
9440,
9444,
9447,
9449,
9454,
9456,
9464,
9466,
9471,
9473,
9475,
9476,
9479,
9485,
9486,
9489,
9492,
9493,
9496,
9505,
9506,
9507,
9510,
9512,
9518,
9522,
9523,
9531,
9535,
9538,
9541,
9545,
9549,
9552,
9554,
9561,
9565,
9567,
9574,
9579,
9583,
9589,
9590,
9594,
9596,
9599,
9600,
9602,
9605,
9606,
9609,
9612,
9620,
9621,
9624,
9625,
9626,
9627,
9630,
9631,
9637,
9640,
9642,
9644,
9648,
9651,
9653,
9664,
9671,
9674,
9676,
9677,
9678,
9682,
9688,
9689,
9690,
9691,
9698,
9702,
9703,
9704,
9707,
9714,
9715,
9717,
9718,
9719,
9720,
9723,
9724,
9726,
9728,
9731,
9734,
9740,
9754,
9755,
9757,
9758,
9763,
9765,
9766,
9772,
9775,
9777,
9782,
9784,
9791,
9792,
9793,
9795,
9796,
9804,
9817,
9820,
9821,
9823,
9827,
9828,
9830,
9834,
9836,
9838,
9839,
9841,
9847,
9849,v
9850,
9853,
9854,
9857,
9866,
9867,
9868,
9874,
9875,
9877,
9896,
9905,
9911,
9912,
9914,
9916,
9917,
9920,
9921,v
9925,
9927,
9929,
9930,
9934,
9937,
9938,
9942,
9946,
9947,
9952,
9953,
9954,
9956,
9961,
9967,
9970,
9973,
9980,
9982,
9999,
10001,
10003,
10004,v
10006,
10007,
10009,
10010,
10011,
10012,
10013,
10017,
10018,
10023,
10028,
10032,
10035,
10036,
10038,
10040,v
10041,v
10045,
10046,
10051,
10053,
10055,
10060,
10067,
10070,
10075,
10078,
10079,
10083,
10084,
10096,
10097,
10098,
10015,
10112,
10114,
10117,
10118,
10119,
10122,
10124,
10125,
10129,
10138,
10140,
10144,
10145,
10147,
10149,
10150,
10152,
10153,
10159,
10164,
10165,
10167,
10171,
10173,
10182,
10186,
10187,
10189,
10191,
10194,
10202,
10203,
10205,
10209,
10211,
10215,
10217,
10218,
10220,
10023,
10224,
10225,
10232,
10237,
10239,
10245,
10247,
10248,
10249,v
10252,
10256,
10261,
10263,
10266,
10269,
10272,
10273,
10278,
10279,
10281,
10285,
10286,
10289,
10291,
10294,
10298,
10300,
10302,
10306,
10309,
10311,
10315,
10318,
10321,
10322,
10323,
10325,
10326,
10327,
10332,
10339,
10344,
10346,
10348,
10350,
10353,
10354,
10356,
10360,
10368,
10370,
10374,
10377,
10387,
10388,
10391,
10395,
10397,
10405,
10408,
10409,
10411,
10415,
10421,
10426,
10427,
10429,
10430,
10431,
10433,
10434,
10436,
10439,
10440,
10442,
10451,
10452,
10455,
10458,
10459,
10461,
10464,
10468,
10469,
10472,
10474,
10476,
10478,
10479,
10488,
10490,
10491,
10493,
10494,
10498,
10500,
10506,
10508,
10509,
10510,
10518,
10520,
10522,
10525,
10528,
10539,
10540,
10541,
10543,
10550,
10551,
10552,
10558,
10559,
10561,
10562,
10567,
10571,
10572,
10575,
10581,
10582,
10583,
10589,
10593,
10600,
10604,
10610,
10611,
10612,
10614,
10615,
10630,
10635,
10639,
10642,
10643,
10645,
10648,
10650,
10653,
10655,
10656,
10658,
10659,
10688,
10669,
10670,
10678,
10679,
10681,
10686,
10687,
10691,
10698,
10701,
10703,
10709,
10711,
10716,
10718,
10721,
10723,
10725,
10726,
10727,
10729,
10733,
10734,
10740,
10744,
10747,
10750,
10753,
10755,
10756,
10760,
10761,
10762,
10764,
10766,
10767,
10769,
10774,
10777,
10779,
10781,
10785,
10786,
10792,
10806,
10807,
10810,
10816,
10821,
10823,
10827,
10828,
10829,
10834,
10836,
10838,
10842,
10852,
10856,
10858,
10859,
10863,
10869,
10872,
10873,
10880,
10883,
10886,
10887,
10888,
10891,
10892,
10893,
10894,
10898,
10905,
10906,
10908,
10912,
10914,
10915,
10916,
10920,
10925,
10928,
10929,
10936,
10939,
10943,
10944,
10945,
10947,
10948,
10953,
10954,
10956,v
10958,
10959,
10960,
10962,
10967,
10973,
10975,
10978,
10984,
10985,
10987,
10988,
10989,
10990,
10991,
10992,
10993,
11001,
11002,
11003,
11004,
11006,
11008,
11010,
11013,
11025,
11026,
11030,
11033,
11037,
11039,
11043,
11045,
11047,
11048,
11055,
11058,
11059,
11060,
11061,
11065,
11070,
11076,
11081,
11086,
11091,
11095,
11100,
11102,
11104,
11107,
11111,
11112,
11115,
11117,
11118,
11121,
11124,
11131,
11138,
11140,
11147,
11151,
11158,
11159,
11163,
11168,
11173,
11174,
11182,
11184,
11186,
11191,
11192,
11196,
11198,
11201,
11203,
11204,
11212,
11218,
11221,
11222,
11223,
11229,
11233,
11235,
11236,
11237,
11239,
11244,
11246,
11248,
11251,
11253,
11256,
11259,
11261,
11263,
11265,
11266,
11269,
11270,
11274,v
11277,
11278,
11279,
11281,
11285,
11287,
11292,
11297,v
11302,
11305,
11311,
11318,
11320,
11324,
11325,
11326,
11327,
11328,
11329,
11330,
11332,
11334,
11336,
11337,
11339,
11349,
11351,
11355,
11357,
11361,
11365,
11366,
11371,
11372,
11373,
11378,
11381,
11384,
11385,
11394,
11396,
11399,
11404,
11406,
11408,
11409,
11411,
11413,
11414,
11415,
11417,
11419,
11422,
11423,
11424,
11425,
11437,
11440,
11442,
11446,
11447,
11448,
11450,
11455,
11457,
11464,
11472,
11475,
11476,
11481,
11489,
11490,
11493,
11496,
11498,
11501,
11503,
11506,
11510,
11511,
11512,
11513,
11515,
11516,
11518,
11519,
11522,
11523,
11524,
11526,
11530,
11532,
11535,
11538,
11540,
11541,
11543,
11545,
11546,
11547,
11548,
11561,
11562,
11564,
11565,
11566,
11568,
11570,
11573,
11574,
11575,
11577,
11582,
11588,
11589,
11592,
11596,
11598,
11602,
11606,
11610,
11611,
11615,
11619,
11621,
11629,
11631,
11635,
11638,
11639,v
11640,
11645,
11649,
11653,
11656,
11660,
11661,
11662,
11666,
11667,
11671,
11673,
11675,
11684,
11685,
11690,
11691,
11693,
11696,
11699,
11702,
11704,
11705,
11706,
11709,
11710,
11724,
11727,
11728,
11729,
11734,
11735,
11740,
11741,
11742,
11746,
11748,
11750,
11751,
11752,
11754,
11758,
11759,
11760,
11763,
11766,
11767,
11768,
11771,
11773,
11780,
11781,
11783,
11786,
11792,
11799,
11802,
11803,
11805,
11814,
11817,
11818,
11819,
11820,
11821,
11822,
11828,
11829,
11832,
11833,
11836,
11838,
11842,
11843,
11847,v
11848,
11851,
11852,
11853,
11855,
11862,
11863,
11865,
11868,
11869,
11875,
11883,
11885,
11887,
11889,
11891,
11893,
11896,
11899,
11905,
11906,
11910,
11917,
11918,
11921,
11923,
11924,
11925,
11931,
11938,
11940,
11944,
11945,
11951,
11952,
11953,
11958,
11964,
11966,
11976,
11980,
11981,
11982,
11983,
11988,
11991,
11994,
11998,
11999,
12000,
12001,
12002,
12006,
12009,
12010,
12013,
12018,
12019,
12020,
12024,v
12025,
12030,
12032,
12034,
12035,
12038,
12039,
12041,
12042,
12043,
12045,
12047,
12048,
12052,
12053,
12057,
12058,
12061,
12062,
12063,
12064,
12069,
12081,
12085,
12087,
12101,
12102,
12106,
12107,
12108,
12111,
12117,
12118,
12119,
12120,
12123,
12124,
12128,
12129,
12130,
12131,
12135,
12136,
12138,
12142,
12145,
12146,
12147,
12148,
12149,
12150,
12152,
12153,
12154,
12156,
12158,
12162,
12164,
12165,
12171,
12176,
12178,
12181,
12182,
12183,
12185,
12188,
12190,
12191,
12193,
12194,
12214,
12217,
12231,
12233,
12235,
12236,
12237,
12238,
12240,
12243,
12247,
12250,
12251,
12254,
12257,
12258,
12259,
12260,
12267,
12272,
12273,
12274,
12282,
12284,
12287,
12296,
12297,
12300,
12307,
12313,
12315,
12317,
12320,
12321,
12323,
12330,
12333,
12335,
12336,
12338,
12339,
12340,
12344,
12346,
12347,
12349,V
12351,V
12354,
12356,
12357,
12361,
12365,
12366,
12367,
12368,
12373,
12376,
12383,
12386,
12388,
12390,
12393,
12395,
12396,
12410,
12411,
12418,
12419,
12420,
12423,
12428,
12432,
12439,
12452,
12454,
12460,
12464,
12466,
12467,
12471,
12473,
12476,
12477,
12478,
12479,
12481,V
12482,V
12484,
12486,
12486,
12488,
12489,
12497,
12507,
12514,
12515,
12518,
12525,
12529,
12530,
12531,
12532,
12535,
12540,
12545,
12551,
12554,
12559,
12562,v
12563,
12568,
12569,
12570,v
12573,
12576,
12578,
12584,
12587,
12604,
12605,
12611,
12612,
12613,
12622,v
12623,
12625,
12627,
12629,
12632,
12637,
12647,
12649,
12651,v
12655,
12658,
12660,
12664,
12665,
12674,
12676,
12678,
12680,
12687,
12689,
12691,
12692,
12694,
12701,
12708,
12711,
12712,
12713,
12716,
12717,
12719,
12721,
12724,
12729,
12730,
12731,
12732,
12733,
12735,
12737,
12738,
12739,
12740,
12743,
12744,
12747,
12748,
12749,
12751,
12752,
12754,
12757,
12760,
12761,
12764,
12768,
12769,
12770,
12772,
12773,
12775,
12776,
12778,
12779,
12784,
12789,
12791,
12795,
12797,
12816,
12820,
12835,
12838,
12840,
12843,
12846,
12847,
12848,
12849,
12850,
12852,
12856,
12858,
12859,
12868,
12869,
12871,
12876,
12877,
12879,
12884,
12887,
12889,
12890,
12891,
12894,
12897,
12900,
12903,
12908,
12913,
12914,
12915,
12916,
12921,
12925,
12927,
12928,
12930,
12933,
12934,
12940,
12941,
12942,
12944,
12950,
12953,
12958,
12959,
12960,
12962,
12968,
12971,
12972,
12974,
12979,
12980,
12982,
12984,
12985,
12988,
12990,
12992,
12993,
12999,
13000,
13001,
13002,
13003,
13004,
13008,v
13010,
13013,
13016,
13018,
13019,
13022,
13023,
13026,
13030,
13031,
13032,
13035,
13041,
13043,
13044,
13054,
13062,
13064,
13067,
13070,
13071,
13074,
13079,
13083,
13089,
13094,
13095,
13096,
13099,
13103,
13105,
13113,
13117,
13121,
13124,
13129,
13132,
13134,
13135,
13139,
13141,
13142,
13144,
13146,
13147,
13148,
13151,
13152,
13166,
13167,
13168,v
13170,
13172,
13173,
13174,
13176,
13178,
13179,
13182,
13186,
13189,
13191,
13196,
13200,
13202,
13203,
13207,
13208,
13209,
13210,
13214,
13215,v
13216,
13226,
13228,
13229,
13232,
13236,
13240,
13244,
13245,
13248,
13250,
13253,
13254,
13255,
13257,
13263,
13264,
13265,
13267,
13270,
13272,
13273,
13278,
13282,
13285,
13286,
13287,
13290,
13291,
13293,
13294,
13299,
13302,
13306,
13313,
13314,
13316,
13321,
13332,
13334,
13340,
13343,
13345,
13348,
13349,
13351,
13357,
13358,
13362,
13363,
13365,
13371,
13374,
13376,
13380,
13381,
13382,
13387,
13390,
13393,
13397,
13398,
13401,
13402,
13404,
13407,
13409,
13410,
13411,
13412,
13414,
13417,
13419,
13420,
13423,
13425,
13427,
13428,
13429,
13430,
13431,
13432,
13433,
13437,
13438,
13442,
13445,
13446,
13447,
13449,
13450,
13451,
13458,
13460,
13462,
13463,
13466,
13467,
13471,
13473,
13474,
13479,
13481,
13482,
13485,
12487,
13488,
13489,
13491,
13492,
13495,
13496,
13498,
13500,
13501,
13505,
13507,
13513,
13518,
13519,
13522,
13523,
13525,
13526,
13528,
13530,
13535,
13538,
13540,
13541,
13547,
13548,
13550,
13551,
13554,
13557,
13564,
13571,
13573,V
13574,
13576,
13578,
13579,
13580,
13588,V
13594,
13596,
13597,
13600,
13605,
13606,
13607,
13608,
13609,
13610,V
13611,
13612,
13614,
13620,
13621,V
13622,
13623,
13625,
13627,
13629,
13637,
13640,
13643,
13645,
13650,
13651,
13654,
13657,
13658,
13659,
13661,
13663,
13664,
13665,
13667,
13668,
13671,
13676,
13678,
13679,
13683,
13685,
13686,
13691,
13695,
13696,
13700,
13701,
13704,
13705,
13706,
13712,
13725,
13726,
13727,
13733,
13734,
13736,
13737,
13739,
13741,
13745,
13747,
13748,
13751,
13753,
13756,
13758,
13760,
13761,
13762,
13766,
13767,
13768,
13770,
13773,
13778,
13783,
13786,
13789,
13790,
13793,
13794,
13795,
13797,V
13798,
13801,
13804,
13807,
13810,
13811,
13821,
13823,
13830,
13832,
13833,
13837,
13839,
13840,
13841,
13842,
13845,
13850,
13851,
13854,
13856,
13864,
13865,
13868,
13870,
13872,
13876,
13879,
13894,
13897,
13901,
13902,
13903,
13904,
13906,
13910,
13911,
13912,
13919,
13920,
13921,
13925,
13927,
13930,
13935,
13939,
13940,
13945,
13947,
13948,
13950,
13952,
13954,
13956,
13957,
13958,
13959,
13963,
13964,
13967,
13969,
13972,
13981,
13984,
13985,
13990,
13992,
13995,
13996,
13997,
13999,
14001,
14006,
14007,
14008,
14010,
14011,
14013,
14014,
14016,
14020,
14021,
14023,
14025,
14026,
14029,
14030,
14034,
14036,
14038,
14039,
14040,
14043,
14044,
14045,
14046,V
14048,
14049,
14051,
14053,
14055,
14063,
14066,
14067,
14068,
14069,
14071,
14072,
14076,
14077,
14079,
14080,
14081,
14088,
14089,
14097,
14100,
14101,
14103,
14105,
14107,
14112,
14113,
14115,
14117,
14119,
14120,
14121,
14123,
14124,
14127,
14129,
14134,
14137,
14143,
14145,
14148,
14149,
14155,
14159,
14166,
13168,
14170,
14179,
14181,
14189,
14192,
14193,
14194,
14195,
14201,
14202,
14204,
14206,
14207,
14209,
14211,
14212,
14217,
14219,
14225,
14227,
14232,
14235,
14240,
14242,
14244,
14247,
14250,
14251,
14253,
14255,
14257,
14266,
14273,
14274,
14277,
14279,
14280,
14281,
14282,
14285,
14286,
14287,
14288,
14291,
14298,
14299,
14304,
14308,
14314,
14317,
14320,
14326,
14330,
14333,
14338,
14340,V
14344,
14346,
14349,
14350,
14354,
14357,
14362,
14364,
14365,
14368,
14370,
14372,
14374,
14376,
14377,
14379,
14381,V
14383,
14386,
14388,
14392,
14397,
14405,
14406,
14415,
14416,
14417,
14419,
14426,
14427,
14428,
14437,
14439,
14441,
14443,
14448,
14449,
14451,
14462,
14463,
14468,
14472,
14480,
14490,
14495,
14498,
14502,
14504,
14506,
14511,
14512,
14513,
14526,
14536,
14542,
14544,
14545,
14550,
14551,
14559,
14560,
14572,
14575,
14576,
14578,
14586,
14593,
14595,
14597,
14602,
14603,
14609,
14610,
14612,
14615,
14622,
14625,
14634,
14636,
14637,
14639,
14645,
14648,
14650,
14652,
14655,
14657,
14661,
14665,
14667,
14669,
14670,
14673,
14674,
14678,
14680,
14683,
14685,
14690,
14692,
14693,
14698,
14699,
14700,
14706,
14707,
14709,
14710,
14713,
14715,
14718,
14720,
14723,
14727,
14728,
14730,
14731,
14732,
14742,
14747,
14750,
14756,
14757,
14759,
14760,
14761,
14763,
14764,
14765,
14768,
14773,
14774,
14775,
14776,
14781,
14782,
14783,
14791,
14792,
14793,
13800,
14801,
14802,
14806,
14809,
14810,
14813,
14814,
14818,
14826,
14827,
14828,
14829,
14831,
14833,
14842,
14845,
14848,
14852,
14853,
14856,
14857,
14869,
14871,
14875,
14882,
14883,
14885,
14886,
14887,
14889,
14890,
14897,
14901,
14902,
14908,
14915,
14917,
14918,
14919,
14921,
14925,
14927,
14929,
14930,
14937,
14938,
14939,
14941,
14946,
14947,
14951,
14952,
14954,
14964,
14966,
14967,
14968,
14969,
14970,
14972,
14974,
14976,
14980,
14981,
14982,
14983,
14984,
14994,
14995,V
14998,V
14999,
15006,
15009,
15010,
15012,
15014,
15015,
15018,
15019,
15020,
15021,
15026,
15028,
15030,
15042,
15044,
15045,
15047,
15048,
15049,
15050,
15051,
15053,
15060,
15064,
15070,
15071,
15073,
15076,
15078,
15079,
15085,
15087,
15089,
15091,
15092,
15094,
15097,
15097,
15101,
15103,
15106,
15107,
15113,
15114,
15116,
15117,
15118,
15119,
15120,
15121,
15122,
15123,
15125,
15127,
15128,
15131,
15136,
15137,
15142,
15147,
15150,
15155,
15161,
15167,
15169,
15170,
15171,
15173,
15177,
15182,
15191,
15193,
15194,
15195,
15196,
15197,
15201,
15202,
15204,
15205,V
15211,
15212,
15214,
15226,
15227,
15229,
15230,
15234,
15243,
15250,
15251,
15255,
15256,
15257,
15260,
15267,
15270,
15271,
15274,
15275,
15276,
15278,
15280,
15283,
15289,
15290,
15291,
15292,
15293,
15294,
15295,
15297,
15301,
15304,
15306,
15307,
15310,
15311,
15312,
15313,
15316,
15325,
15334,
15338,
15341,
15342,
15347,
15350,
15352,
15355,
15361,
15363,
15371,
15383,
15387,
15388,
15390,
15392,
15399,
15401,
15404,
15405,
15408,
15409,
15410,
15411,
15412,
15413,
15414,
15415,
15417,
15419,
15425,
15427,
15433,V
15438,
15443,
15444,
15447,
15448,
15449,
15451,
15452,
15454,
15456,
15467,
15477,
15488,
15493,
15506,
15514,
15515,
15516,
15518,
15519,
15522,
15524,
15525,
15527,
15529,
15532,
15536,
15541,
15543,
15544,
15546,
15549,
15550,
15556,
15557,
15558,
15559,
15566,
15569,
15570,
15572,
15574,
15575,
15576,
15577,
15578,
15581,
15586,
15587,
15591,
15596,
15598,
15600,
15603,
15606,
15608,
15609,
15604,
15615,
15617,
15633,V
15635,
15641,
15642,
15643,
15644,
15645,
15650,
15653,
15655,
15658,
15659,
15661,
15664,
15668,
15669,
15670,
15671,
15672,
15676,
15677,
15689,
15692,
15693,
15694,
15696,
15697,
15699,
15700,
15706,
15707,
15708,
15711,
15715,
15721,
15729,
15731,
15732,
15733,
15734,
15735,
15739,
15741,
15742,V
15743,
15745,
15753,
15754,
15755,
15756,
15761,
15771,
15772,
15773,
15774,
15775,
15778,
15782,
15784,
15785,
15788,
15796,
15799,
15800,
15801,
15802,
15803,
15804,
15815,
15816,
15818,
15821,
15827,
15830,V
15832,
15834,
15835,
15837,
15838,
15840,
15843,
15845,
15847,
15848,
15856,
15857,
15858,
15859,
15860,
15861,
15865,
15867,
15871,
15884,
15889,
15898,
15899,
15903,
15907,
15908,
15920,
15921,
15922,
15929,
15937,
15938,
15939,
15941,
15942,
15945,
15946,
15951,
15952,
15962,
15963,
15964,
15969,
15974,
15976,
15977,
15979,V
15982,
15985,
15986,
15990,
15993,
15995,
15999,
16002,
16004,
16007,
16011,
16014,
16021,
16023,
16027,
16028,
16032,
16033,
16036,
16039,
16041,
16043,
16046,
16047,
16053,
16057,
16060,
16068,
16075,
16076,
16080,
16081,
16082,
16084,
16085,
16089,
16093,
16097,
16098,
16099,
16101,
16110,
16111,
16112,
16113,
16117,
16122,
16123,
16128,
16130,
16131,
16136,
16137,
16139,
16144,
16145,
16147,
16148,
16150,
16151,
16156,
16162,
16163,
16166,
16167,
16169,
16173,
16174,
16178,
16180,
16195,
16196,
16188,
16189,
16192,V
16193,
16203,
16209,
16214,
16218,
16226,
16232,
16233,
16237,
16238,
16241,V
16242,
16244,
16246,
16256,
16259,
16260,
16263,
16265,
16267,
16268,
16269,
16273,V
16274,
16276,
16277,
16279,
16282,
16286,
16289,
16291,
16294,
16295,
16300,
16304,
16305,
16309,
16312,
16318,
16319,
16326,
16328,
16333,
16335,
16336,
16340,
16342,
16344,
16346,
16347,
16348,
16355,
16359,
16360,
16361,
16364,
16365,
16369,
16372,
16379,
16380,
16382,
16385,
16386,
16389,
16392,
16403,
16410,
16416,
16421,
16426,
16427,
16428,
16429,V
16431,
16435,
16436,
16437,
16443,
16446,
16449,
16450,
16462,
16474,
16476,
16480,
16481,
16482,
16485,
16486,
16490,
16499,
16502,
16503,
16508,
16510,
16511,
16514,
16523,
16527,
16529,
16533,
16534,
16535,
16537,
16538,
16543,
16546,
16548,
16549,
16551,
16557,
16558,
16561,
16563,
16564,
16565,
16568,
16569,
16572,
16573,
16574,
16589,
16591,
16596,
16597,
16598,
16602,
16605,
16617,
16631,
16631,
16632,
16643,
16653,
16654,
16655,
16660,
16661,
16663,
16667,
16668,
16675,
16681,
16682,
16690,
16691,
16693,
16695,
16696,
16699,
16701,
16707,
16709,
16713,
16715,
16716,
16717,
16721,
16723,
16726,
16728,
16730,
16735,
16738,
16745,
16747,
16748,
16749,
16753,
16760,
16762,
16764,
16767,
16770,
16771,
16772,
16777,
16782,
16786,
16788,
16790,
16791,
16793,
16796,
16798,
16799,
16806,
16810,
16812,
16815,
16817,
16828,
16829,
16831,
16835,
16836,
16839,
16843,
16844,
16847,
16848,
16849,
16853,
16860,
16862,
16870,
16871,
16876,
16879,
16889,
16890,
16897,
16902,
16903,
16904,
16905,
16906,
16908,
16909,
16910,
16916,V
16919,
16920,
16924,
16927,
16929,
16932,
16943,
16949,
16950,
16956,
16961,
16966,
16969,
16973,
16974,
16984,
16985,
16987,
16991,
16992,
16993,
16994,
16997,
16998,
17007,
17009,
17012,
17017,
17019,
17021,
17023,
17028,
17029,
17032,
17035,
17036,
17040,
17041,
17042,
17047,
17051,
17055,
17057,
17059,
17060,
17062,
17063,
17069,V
17070,
17072,
17073,
17073,
17077,
17078,
17082,
17086,
17092,V
17095,
17096,V
17100,
17102,
17104,
17105,
17112,
17113,
17114,
17115,
17118,
17119,
17120,
17121,
17123,
17125,
17128,
17131,
17136,
17141,
17142,
17144,
17146,
17147,
17157,V
17162,
17163,
17167,
17168,
17173,V
17175,
17177,
17178,
17179,
17181,
17185,
17186,
17188,
17189,
17192,
17198,
17199,
17204,
17210,
17212,
17214,
17215,
17220,
17222,
17229,
17232,
17233,
17239,
17240,
17243,
17245,
17246,
17250,
17253,
17254,
17258,
17259,
17260,
17262,
17270,
17272,
17274,
17276,
17277,
17282,
17285,
17292,
17295,
17296,
17299,
17304,
17305,
17307,
17312,
17313,
17316,
17317,
17318,
17325,
17328,
17330,
17339,
17341,
17342,
17345,
17350,
17351,
17354,
17359,
17361,
17362,
17364,
17373,V
17374,
17375,
17379,
17380,
17382,
17385,
17387,
17394,
17397,
17402,
17404,
17406,
17407,
17411,
17416,
17417,
17419,
17420,
17422,
17426,
17427,
17431,
17432,
17435,
17437,
17442,
17452,
17453,
17455,
17460,
17465,
17468,
17470,
17478,
17482,
17484,
17486,
17487,
17488,
17490,
17492,
17495,
17496,
17497,
17498,
17503,
17508,
17514,
17519,
17522,
17526,
17528,
17530,
17533,
17535,
17539,
17540,
17541,
17542,
17546,
17547,
17548,
17549,
17553,
17554,
17555,
17558,
17561,
17563,
17564,
17571,
17574,
17577,
17580,
17581,
17584,
17586,
17587,
17592,
17595,
17599,
17601,
17607,
17609,
17612,
17614,
17618,
17622,
17623,
17625,
17629,
17630,
17639,
17640,
17641,
17644,
17649,
17652,
17658,
17659,
17663,
17664,
17665,
17669,
17670,
17676,
17679,
17680,
17684,
17687,
17689,
17690,
17697,
17698,
17700,
17707,
17709,
17712,
17714,
17715,
17716,
17719,
17721,
17726,
17728,
17729,
17731,
17733,V
17740,
17741,
17744,
17753,
17754,
17757,
17758,
17760,
17767,
17768,
17771,
17772,
17774,
17779,
17782,
17786,
17789,
17790,
17793,
17798,
17800,
17804,
17807,
17816,
17826,
17827,
17832,
17835,
17836,
17840,
17841,
17847,
17850,
17851,
17853,
17856,
17857,
17858,
17860,
17862,
17864,
17872,
17876,
17877,
17880,
17881,
17884,
17888,
17889,
17901,
17906,
17908,V
17912,
17915,
17920,
17924,
17929,
17930,
17931,
17934,
17936,
17937,
17938,
17940,
17942,
17946,
17948,
17950,
17951,
17952,
17953,
17955,
17958,
17962,
17971,
17972,
17974,
17975,
17983,
17992,
18000,V
18002,
18003,
18005,
18008,
18012,
18014,
18015,
18017,
18018,
18019,
18020,
18023,
18028,
18029,
18030,
18032,
18034,
18035,
18037,
18038,
18041,
18043,
18044,
18050,
18051,
18054,
18056,
18059,
18063,
18064,
18065,
18066,
18071,
18072,
18073,
18076,
18078,
18080,
18081,
18082,
18085,
18087,
18088,
18089,
18090,
18093,
18095,
18096,
18098,
18099,
18105,
18106,
18107,
18108,
18109,
18112,
18115,
18119,
18123,
18127,
18128,
18129,
18130,
18131,
18132,
18138,
18139,
18139,
18142,
18143,
18144,
18146,
18149,
18150,
18153,
18155,
18156,
18161,
18162,
18164,
18165,
18169,
18170,
18171,
18173,
18174,
18176,
18182,
18187,
18188,
18189,
18190,
18195,
18206,
18208,
18209,
18210,
18213,
18214,
18216,
18218,
18223,v
18224,
18226,
18227,
18230,
18232,
18234,
18242,
18245,
18247,
18248,
18249,
18256,
18258,
18262,
18264,
18265,
18272,
18274,
18275,
18277,
18282,
18287,
18293,
18295,
18296,
18297,
18299,
18301,
18302,
18303,
18308,
18310,
18311,
18314,
18317,
18318,
18320,
18322,
18324,
18326,
18327,
18330,
18331,
18332,
18333,
18334,
18336,
18337,
18338,
18339,
18341,
18343,
18347,
18350,
18351,
18353,
18356,
18357,
18358,
18363,
18367,
18371,
18372,
18376,
18380,
18381,
18382,
18384,
18387,
18388,
18395,
18397,
18398,
18399,
18402,
18403,
18404,
18405,
18406,
18410,
18417,
18419,
18420,
18421,
18422,
18423,
18428,
18429,
18434,
18435,
18438,
18439,
18442,
18443,
18444,
18447,
18448,
18449,
18451,
18452,
18453,
18455,
18457,
18458,
18459,
18461,
18464,
18467,
18470,
18472,
18473,
18476,
18480,
18481,
18482,
18487,
18489,
18492,
18494,
18496,
18501,
18502,
18503,
18505,
18512,
18516,
18517,
18518,
18519,
18521,
18522,
18523,
18524,
18527,
18528,
18529,
18530,
18531,
18535,
18537,
18538,
18543,
18544,
18545,
18547,
18548,v
18554,
18556,
18563,
18567,
18568,
18570,
18571,
18572,
18574,
18576,
18578,
18579,
18581,
18582,
18586,
18587,
18591,
18592,
18593,
18596,
18597,
18598,
18600,
18602,
18603,
18604,
18605,
18606,
18608,
18613,
18614,
18618,
18619,
18620,
18621,
18623,
18625,
18626,
18627,
18628,
18630,
18631,
18637,
18638,
18646,
18650,
18654,
18655,
18658,
18659,
18660,
18664,
18666,
18667,
18668,
18670,
18671,
18673,
18675,
18676,
18678,
18693,
18695,
18696,
18698,
18699,v
18700,
18701,
18702,
18707,
18708,
18710,
18711,
18713,
18714,
18716,
18719,
18721,
18722,
18726,v
18727,
18728,
18732,
18733,
18734,
18735,
18736,
18739,
18742,
18743,
18747,
18750,
18754,
18760,
18762,
18765,
18769,
18770,
18772,
18775,
18776,
18779,
18783,
18794,
18800,
18802,
18803,
18804,
18805,
18808,
18813,
18814,
18818,
18827,
18828,
18829,
18830,
18831,
18833,
18834,
18835,
18837,
18843,
18844,
18848,
18849,
18855,
18856,
18858,
18859,
18860,
18862,
18863,
18870,
18878,
18880,
18882,
18888,
18889,
18890,
18891,
18897,
18903,
18908,
18910,
18917,
18921,
18923,
18933,
18935,
18937,
18938,
18941,
18943,
18944,
18950,
18952,
18953,
18957,
18959,
18962,
18970,
18971,
18974,
18975,
18980,
18981,
18982,
18984,
18987,
18994,
18996,
18997,
18999,
19000,
19002,
19003,
19005,
19006,
19011,
19016,
19019,
19020,
19023,
19025,
19028,
19030,
19031,
19033,
19036,
19038,
19042,
19048,
19052,
19053,
19054,
19056,
19059,
19061,
19062,
19063,
19068,
19069,v
19071,
19073,
19075,
19077,
19081,
19087,
19090,
19092,
19098,
19101,
19105,
19107,
19108,
19111,
19113,
19115,
19116,
19117,
19121,
19125,
19127,
19129,
19130,
19133,
19138,
19140,
19143,
19150,
19154,
19158,
19159,
19164,
19165,
19166,
19167,
19173,
19175,
19176,
19180,
19186,
19189,
19191,
19194,
19197,
19198,
19201,
19202,
19214,
19216,
19217,
19222,
19223,
19225,
19226,
19228,
19229,
19231,
19232,
19236,
19242,
19245,
19247,
19249,
19250,
19252,
19254,
19260,
19261,
19262,
19263,
19264,
19270,
19274,
19276,
19278,
19279,
19280,
19283,v
19286,
19290,
19292,
19296,
19299,
19301,
19302,
19303,
19305,
19307,
19309,
19310,
19312,
19316,
19320,
19321,
19331,
19332,
19333,
19337,
19339,
19340,
19341,
19342,
19343,
19346,
19348,
19349,
19357,
19358,
19361,
19365,
19369,
19377,
19378,
19380,
19381,
19382,
19383,
19389,
19390,
19394,
19395,
19397,
19401,
19403,
19407,
19408,
19412,
19414,
19415,v
19419,
19428,
19439,
19441,
19444,
19447,
19452,
19454,
19460,
19467,v
19468,
19469,
19472,
19475,
19476,
19480,
19484,
19485,
19489,
19490,
19500,v
19503,
19506,
19509,
19510,
19511,
19512,
19514,
19516,
19518,
19526,
19527,
19528,
19529,v
19530,
19532,
19537,
19538,
19539,
19546,
19547,
19549,
19551,
19552,
19554,
19556,v
19557,
19558,
19559,
19560,
19561,
19565,
19567,
19568,
19569,
19570,
19571,
19572,
19575,
19581,
19582,
19584,
19587,
19588,
19591,
19595,
19600,
19603,
19610,
19612,
19613,
19615,
19618,
19619,
19620,
19621,
19622,
19625,
19626,
19631,
19637,
19638,
19639,
19641,
19648,
19650,
19652,
19654,
19655,
19659,
19662,
19666,
19672,
19673,
19675,v
19676,
19677,
19682,
19684,
19690,
19692,
19694,
19696,
19697,
19698,
19699,
19704,
19707,
19709,
19711,
19714,
19716,
19717,
19719,
19727,
19729,
19730,
19732,
19737,
19740,
19743,
19750,
19751,
19752,
19753,
19760,
19761,
19765,
19767,
19772,
19774,
19775,
19776,
19777,
19781,
19782,
19783,
19784,
19785,v
19789,
19790,
19791,
19792,
19799,
19801,
19802,
19803,
19804,
19806,
19808,
19809,
19811,
19812,
19814,
19815,
19816,
19817,
19818,
19820,
19821,
19822,
19827,
19833,
19840,
19844,
19846,
19848,
19850,
19854,
19856,
19863,
19867,
19868,v
19871,
19873,
19876,
19877,
19879,
19889,
19891,
19892,
19894,
19896,
19898,
19906,
19907,
19909,
19914,
19916,
19918,
19922,
19923,
19932,
19933,
19934,
19936,
19942,
19944,
19945,
19946,
19954,
19956,
19960,
19962,
19968,
19972,
19979,
19982,v
19983,
19985,
19987,
19988,
19990,
19995,
19997,
20004,
20006,
20009,
20013,
20016,
20017,
20022,
20024,
20025,
20026,
20029,
20032,
20033,
20036,
20039,V
20042,
20047,
20048,
20050,
20051,
20052,
20053,
20054,
20058,
20059,
20060,
20061,
20065,
20067,
20070,
20073,
20078,
20082,
20083,
20087,
20093,
20094,
20095,
20096,
20097,
20098,
20099,
20100,
20108,
20109,V
20112,
20114,
20115,
20119,
20120,
20123,
20126,
20129,
20131,
20132,
20133,
20134,
20136,
20138,
20147,
20156,
20157,
20163,
20165,
20169,
20171,
20174,
20176,
20182,
20183,
20184,
20187,
20192,
20194,
20195,
20199,
20202,
20203,
20204,
20208,
20215,V
20221,
20222,
20223,
20225,
20227,
20233,
20234,
20243,
20244,
20245,
20247,
20248,
20254,
20256,
20458,
20269,
20274,
20279,
20283,
20298,
20302,
20314,
20317,
20318,
20324,
20326,
20327,
20337,
20339,
20343,
20349,
20352,
20355,
20361,
20368,
20369,
20374,
20383,
20384,
20403,
20409,
20412,
20413,
20418,
20420,
20423,
20427,
20428,
20433,
20439,
20442,
20446,
20448,
20450,
20458,
20462,
20468,
20470,
20471,
20475,
20478,
20484,
20488,
20494,
20495,
20496,
20501,
20513,
20515,
20517,
20519,
20524,
20526,
20536,
20545,
20547,
20554,
20557,
20560,
20563,
20567,
20568,
20572,
20578,
20581,
20588,
20589,
20592,
20593,
20596,
20599,
20600,
20604,
20607,
20611,
20612,
20613,
20614,
20624,
20625,
20627,
20628,
20629,
20630,
20639,
20648,
20660,
20663,
20669,
20672,
20673,
20678,
20683,
20685,
20694,V
20695,
20697,
20703,
20704,
20706,
20707,
20710,
20712,
20719,
20723,
20727,
20730,
20731,
20739,
20744,
20745,
20747,
20749,
20752,
20755,
20756,
20759,
20772,
20778,
20781,
20785,
20788,V
20789,
20790,
20795,
20803,
20807,
20823,
20828,
20831,
20832,
20835,
20840,
20843,
20844,
20845,
20850,
20854,
20855,
20858,
20864,
20865,
20871,
20872,
20880,
20881,
20883,
20884,
20886,
20898,
20900,
20903,
20906,
20908,
20909,
20910,
20911,
20916,
20919,
20925,
20927,
20931,
20933,
20934,
20935,
20937,
20941,
20946,V
20948,
20949,
20950,
20955,
20956,
20960,
20964,
20965,V
20967,
20968,
20969,
20972,
20973,
20975,
20976,
20979,
20991,
20994,
20995,
20996,
21002,
21003,
21006,
21008,
21009,
21010,
21015,
21020,
21022,
21025,
21031,
21032,
21033,
21036,
21037,
21040,
21041,
21042,
21044,
21054,
21055,
21056,
21059,
21067,
21068,
21075,
21076,
21081,
21084,
21086,
21087,
21089,
21097,
21105,
21116,
21117,
21126,
21132,
21134,
21135,
21141,
21143,
21147,
21152,
21154,
21156,
21158,
21163,
21172,
21173,
21177,
21180,
21191,
21193,
21196,
21201,
21202,
21204,
21206,
21208,
21212,
21216,
21217,
21219,
21224,
21225,
21226,
21230,
21234,
21239,
21242,
21251,
21253,
21255,
21256,
21257,
21262,
21263,
21267,
21269,
21270,
21281,
21283,
21294,
21297,
21298,
21307,
21310,
21312,
21315,
21317,
21318,
21319,
21320,
21322,
21323,
21325,
21332,
21336,
21338,
21341,
21342,
21343,
21345,
21346,
21353,
21354,
21356,
21358,
21369,
21364,
21668,
21371,
21373,
21381,
21383,
21385,
21387,
21397,
21398,
21399,
21400,
21401,
21408,
21417,
21422,
21425,
21427,
21429,
21435,
21436,
21440,
21443,
21446,
21446,
21450,
21451,
21455,
21456,
21462,
21463,
21475,
21482,
21488,
21490,
21492,
21494,
21499,
21502,
21503,
21054,
21505,
21506,
21516,
21529,
21530,
21533,
21534,
21538,
21540,
21541,
21545,
21547,
21549,
21558,
21561,
21569,
21570,
21572,
21577,
21578,
21582,
21586,
21588,
21589,
21506,
21607,
21508,
21607,
21608,
21612,
21613,
21615,
21621,
21626,
21631,
21640,
21641,
21649,
21650,
21653,
21656,
21657,
21660,
21668,
21675,
21678,
21679,V
21683,
21685,
21689,
21691,
21701,
21702,
21703,
21704,
21705,
21706,
21707,
21710,
21713,
21714,
21715,
21719,
21724,
21725,
21726,
21730,
21737,
21738,
21740,
21741,
21742,
21748,
21749,V
21754,
21755,
21756,
21763,
21766,
21767,
21779,
21780,
21782,
21784,
21788,
21789,V
21790,
21797,
21799,
21802,
21804,
21807,
21809,
21811,
21813,
21816,
21818,
21819,
21825,
21827,
21829,
21831,
21833,
21834,
21840,
21841,
21942,
21843,
21845,
21849,
21853,
21858,
21859,
21860,
21862,
21867,
21871,
21874,
21878,
21885,
21886,
21888,
21889,
21891,
21894,
21895,
21896,
21903,
21905,
21906,
21907,
21909,
21910,
21917,
21920,
21922,
21923,
21924,
21925,
21932,
21940,
21945,
21947,
21948,
21950,
21951,
21952,
21953,
21954,
21956,
21959,
21960,
21962,
21965,
21970,
21972,V
21976,
21977,
21979,
21986,
21992,
21996,
22005,
22008,
22014,
22015,
22016,
22110,
22122,
22125,
22129,
22130,
22134,
22135,
22136,
22137,
22143,
22144,
22146,
22147,v
22148,
22149,
22153,
22154,
22157,
22158,
22160,
22165,
22172,
22175,
22180,
22183,
22184,
22186,
22191,
22197,
22198,
22203,
22204,
22206,
22208,
22215,
22219,
22221,
22225,
22226,
22227,
22228,
22233,
22234,
22235,
22236,
22238,
22240,
22246,
22253,
22255,
22265,
22274,
22278,
22281,
22284,
22285,
22289,
22292,
22302,
22305,
22306,
22308,
22309,
22310,
22313,
22320,
22327,
22330,
22333,
22334,
22336,
22340,
22341,
22350,
22351,
22357,
22358,
22359,
22362,
22363,
22365,
22372,
22375,
22383,
22388,
22389,
22390,
22393,
22398,
22440,
22403,
22407,
22410,
22412,
22413,
22416,
22419,
22421,
22422,
22423,
22424,
22425,
22428,
22429,
22431,
22433,
22439,
22452,v
22454,
22457,
22459,
22460,
22462,
22463,
22464,
22468,
22469,
22470,
22472,
22474,
22475,
22481,
22484,
22487,
22489,
22490,
22496,
22500,
22502,
22503,
22504,
22509,
22510,
22515,
22516,
22518,
22521,
22522,
22531,
22532,
22535,
22540,
22541,
22546,
22548,
22552,
22560,
22564,
22565,
22568,
22570,
22572,
22573,
22576,
22577,
22582,
22587,
22588,
22593,
22598,
22599,
22601,
22602,
22604,
22605,
22607,
22608,
22612,
22613,
22617,
22621,
22622,
22623,
22626,
22630,
22632,
22634,
22637,
22638,
22641,
22642,
22643,
22647,
22649,
22650,
22653,
22658,
22663,
22665,
22667,
22668,
22670,
22680,
22681,
22683,
22692,
22693,
22695,
22699,
22700,
22703,
22705,
22706,
22710,
22718,
22720,
22725,
22726,
22730,
22732,
22739,
22741,
22743,
22745,
22752,
22757,
22758,
22759,
22761,
22768,
22770,
22774,
22776,
22779,
22781,
22782,
22786,
22787,
22789,
22792,
22796,
22797,
22798,
22799,
22804,
22806,
22807,
22808,
22809,
22811,
22812,
22816,
22818,
22821,
22827,
22829,
22831,
22837,
22839,
22840,
22841,
22842,
22843,
22845,
22846,
22848,
22851,v
22852,
22853,
22856,
22857,
22860,
22862,
22863,
22869,
22876,
22882,
22884,
22887,
22890,
22895,
22896,
22897,
22899,
22900,
22901,
22902,
22903,
22905,
22906,
22908,
22909,
22910,
22915,
22919,
22920,
22925,
22928,
22929,
22930,
22931,
22934,
22937,
22941,
22942,
22943,
22945,
22946,
22950,
22951,
22953,
22955,
22956,
22959,
22966,
22970,
22971,
22976,
22978,
22982,
22985,
22987,
23000,
23003,
23005,
23006,
23007,
23010,
23012,
23015,
23018,
23023,
23024,
23028,
23029,
23031,
23032,v
23035,
23038,
23040,
23041,
23042,
23043,
23045,
23058,
23060,
23062,
23064,
23065,
23066,
23069,
23072,
23075,
23079,
23080,
23081,
23082,
23084,
23086,
23087,
23093,
23096,
23099,
23101,
23104,
23106,
23110,
23111,
23112,
23118,
23119,
23122,
23124,
23125,
23127,
23129,
23131,
23133,
23135,
23138,
23142,
23143,
23144,
23145,
23150,
23153,
23154,
23157,
23158,
23160,
23164,
23175,
23176,
23177,
23178,
23185,
23186,
23189,
23190,
23191,
23201,
23212,
23213,
23217,
23218,
23221,
23222,
23228,
23230,
23232,
23233,
23239,
23240,
23245,
23247,
23250,
23255,
23259,
23264,
23265,
23266,
23272,
23273,
23276,
23280,
23286,
23290,
23293,
23295,
23296,v
23299,
23301,
23306,
23307,
23317,
23321,
23323,
23324,
23328,
23330,
23333,
23334,
23335,
23336,
23337,
23345,
23348,
23355,
23356,
23362,
23364,
23366,
23369,
23374,
23375,
23378,
23382,
23384,
23387,
23391,
23392,
23396,
23402,
23405,
23408,
23411,
23416,
23424,
23426,
22433,
23439,
23441,
23443,
23445,
23452,
23454,
23455,
23458,
23460,
23461,
23462,
23464,
23472,
23473,
23481,
23482,
23485,
22486,
23493,
23496,
23497,
23499,
23500,
23503,
23504,
23505,
23507,
23509,
23510,
23514,
23515,
23517,
23518,
23522,
23523,
23532,
23533,
23537,
23540,
23543,
23551,
23552,
23557,
23560,
23562,
23565,
23571,
23573,
23575,
23576,
23577,V
23582,
23588,
23590,V
23591,
23595,
23599,
23600,
23602,
23604,V
23605,
23606,
23609,
23610,
23615,
23618,
23620,
23622,
23629,
23632,
23637,
23641,
23642,
23647,
23648,
23649,
23658,
23659,
23660,
23664,
23669,
23670,
23671,
23675,
23678,
23687,
23696,
23698,
23701,
23702,
23707,
23708,
23709,
23710,
23711,
23712,
23716,
23718,
23719,
23723,
23729,
23730,
23734,
23735,
23739,
23743,
23748,
23754,
23757,
23759,
23760,
23766,
23769,
23771,
23773,
23775,V
23780,
23781,
23784,
23791,
23795,
23797,
23801,
23805,
23806,
23807,
23811,
23813,
23817,
23818,
23819,
23824,
23828,
23831,
23834,
23836,
23839,
23846,
23848,
23849,
23850,
23851,
23856,
23860,
23862,
23865,
23871,
23872,
23877,
23878,
23879,
23880,
23883,
23885,
23886,
23887,
23890,
23892,
23906,
23907,
23914,
23916,
23918,
23919,
23931,
23932,
23933,
23935,
23940,
23941,
23942,
23943,
23944,
23950,
23952,
23954,
23956,
23959,
23964,
23977,
23985,
23990,
23993,
23994,
23995,
24001,
24002,
24004,
24007,
24011,
24016,
24017,
24018,
24021,
24022,
24023,
24025,
24026,
24033,
24037,
24045,
24047,
24049,
24050,
24052,
24053,
24054,V
24055,
24056,
24057,
24066,
24067,
24070,
24073,
24073,
24074,
24075,
24077,
24079,
24084,
24085,
24088,
24091,
24093,
24096,
24096,
24103,
24107,
24112,
24115,
24117,
24119,
24120,
24121,
24125,
24129,
24133,
24134,
24136,
24142,
24145,
24147,
24149,
24155,
24156,
24160,
24164,
24171,
24172,
24173,
24174,
24176,
24177,
24179,
24180,
24181,
24182,
24185,
24189,
24190,
24191,
24204,
24205,
24208,
24210,
24212,
24213,
24214,
24215,
24216,
24218,
24219,
24220,
24221,
24223,
24227,
24228,
24233,
24236,
24239,
24243,
24251,
24255,
24257,
24259,
24269,
24272,
24278,
24279,
24282,
24283,
24290,
24291,
24293,
24296,
24301,
24302,
24303,
24306,
24307,
24308,
24315,
24317,
24320,
24322,
24323,
24325,
24326,
24331,
24332,
24338,
24339,
24341,
24349,
24351,
24360,
24362,
24364,
24366,
24369,
24371,
24374,
24376,
24377,
24382,
24385,
24389,
24395,
24396,
24402,
24406,
24408,
24409,
24411,
24415,
24417,
24418,
24419,
24422,
24423,
24425,
24426,
24433,
24437,
24438,
24439,
24440,
24441,
24445,
24455,
24457,
24458,
24459,
24467,
24468,V
24474,
24475,
24476,
24477,
24483,
24485,
24486,
24489,
24491,
24493,
24495,
24497,
24504,
24511,
24517,
24518,
24519,
24521,
24527,
24529,
24532,
24537,
24538,
24540,
24545,
24548,
24550,
24553,
24559,
24560,
24563,
24564,
24566,
24569,
24570,
24574,
24576,
24578,
24580,
24586,
24687,
24593,
24596,
24597,
24599,
24600,
24602,
24603,
24608,
24621,
24623,
24626,
24627,
24629,
24632,
24634,
24637,
24638,
24641,
24643,
24647,
24667,
24669,
24675,
24676,
24679,
24680,
24686,
24687,
24696,
24702,
24703,
24704,
24708,
24709,
24712,
24713,
24716,
24719,
24721,
24722,
24724,
24729,
24734,
24727,
24739,
24744,
24747,
24748,
24749,
24750,
24752,
24752,
24753,
24758,
24764,
24767,
24770,
24771,
24776,
24781,
24782,
24783,
24788,
24792,
24793,
24796,
24798,
24803,
24804,
24806,
24807,
24809,
24811,
24812,
24815,
24822,
24823,
24825,
24828,
24830,
24832,
24835,
24838,
24840,
24841,
24842,
24843,
24845,
24846,
24848,
24855,
24860,
24861,
24872,
24873,V
24874,V
24990,
24881,
24892,
24896,
24898,
24904,
24909,
24910,
24913,
24914,
24915,
24920,
24928,
24937,
24938,
24939,
24940,
24942,
24945,
24948,
24950,
24961,
24967,
24968,
24969,
24973,
24977,
24979,
24982,
24985,
24988,
24991,
24992,
24993,
24997,
25002,v
25503,
25504,
25005,
25006,
25007,
25009,
25016,
25020,
25024,
25026,
25027,
25030,
25034,
25036,
25043,
25055,
25057,
25059,
25060,
25067,
25069,
25072,
25074,
25075,
25079,
25081,
25082,
25093,
25095,
25097,
25100,
25106,
25108,
25110,
25113,
25114,
25118,
25119,
25122,
25125,
25126,
25127,
25131,
25133,
25136,
23157,
25141,
25143,
25144,
25145,
25147,
25148,
25150,
25151,
25152,
25156,
25157,
25158,
25160,
25162,
25163,
25164,
25167,
25168,
25172,
25177,
25190,
25191,
25193,
25194,
25216,
25220,
25226,
25227,
25230,
25236,
25238,
25240,
25244,
25245,
25251,
25252,
25255,
25261,
25263,
25264,
25268,
25273,
25274,
25276,
25284,
25285,
25287,
25288,
25299,
25300,
25301,
25308,
25309,
25312,
25313,
25327,
25331,
25332,
25333,
25334,
25336,
25338,
25340,
25342,
25346,
25351,
25352,
25358,
25362,
25363,
25365,
25368,
25372,
25373,
25375,
25377,
25380,
25385,
25386,
25388,
25398,
25399,
25400,
25408,
25411,
25416,
25417,
25418,
25419,
25426,
25429,
25431,
25434,
25436,
25437,
25442,
25449,
25450,
25453,
25457,
25459,
25466,
25468,
25470,
25472,
25474,
25478,
25480,
25482,V
25484,V
25485,
25492,
25495,
25500,
25501,
25502,
25503,
25506,
25511,
25512,
25513,
25515,
25519,
25520,
25522,
25523,
25524,
25528,
25529,
25531,
25534,
25535,
25537,
25540,
25541,
25544,
25547,
25553,
25554,
25570,
25579,
25580,
25583,
25584,
25585,
25590,
25595,
25598,
25605,
25607,
25608,
25614,
25615,
25616,
25619,
25621,
25627,
25631,
25632,
25633,
25634,
25639,
25650,
25655,
25658,
25660,
25665,
25667,
25680,
25681,
25687,
25688,
25692,
25697,
25698,
25699,
25701,
25704,
25706,
25709,
25710,
25715,
25716,
25721,
25722,
25729,
25733,
25734,
25736,
25739,
25740,
25743,
25745,
25747,
25750,
25752,
25753,
25754,
25755,
25756,
25758,
25762,
25777,
25781,
25785,
25790,
25795,
25798,
25804,
25807,
25808,
25816,
25817,
25821,
25822,
25824,
25826,
25827,
25829,
25831,
25836,
25837,
25840,
25841,
25844,
25847,
25849,
25850,
25851,
25853,
25858,
25864,
25868,
25870,
25873,
25875,
25877,
25883,
25884,
25887,
25888,
25893,
25894,
25895,
25897,
25900,
25909,
25910,
25911,
25912,
25914,
25916,
25917,
25921,
25929,
25939,
25940,
25945,
25946,
25948,
25955,
25961,
25964,
25965,
25967,
25968,
25972,
25973,
25979,
25980,
25990,
25994,
25998,
25999,
26004,
26006,
26008,
26009,
26012,
26015,
26016,
26019,
26021,
26022,
26024,
26025,
26027,
26028,
26029,
26030,
26034,
26035,
26037,
26039,
26041,
26043,
26044,
26049,
26050,
26052,
26054,
26058,
26059,
26062,
26063,
26065,
26067,
26070,
26074,
26079,
26081,
26082,
26086,
26090,
26092,
26093,
26094,
26098,
26107,
26110,
26114,
26115,
26120,
26125,
26127,
26128,
26130,
26135,
26136,
26137,
26138,
26139,
26141,
26148,
26151,
26154,
26158,
26163,
26172,
26180,
26189,
26191,
26198,
26199,
26200,
26203,
26207,
26210,
26215,
26220,
26221,
26224,
26225,
26228,
26231,
26238,
26241,
26248,
26250,
26255,
26256,
26262,
26264,
26265,
26268,
26270,
26274,
26276,
26285,
26287,
26289,
26297,
26298,
26300,
26306,
26308,
26310,
26132,
26135,
26319,
26325,
26328,
26330,
26334,
26336,
26339,
26343,
26344,
26348,
26349,
26350,
26354,
26355,
26357,
26360,
26366,
26371,
26374,
26375,
26377,
26379,
26380,
26382,
26385,
26388,
26393,
26394,
26399,
26400,
26402,
26408,
26412,
26414,
26417,
26420,
26425,
26427,
26428,
26429,
26430,
26433,
26435,
26436,
26439,
26440,
26441,
26444,
26445,
26447,
26450,
26452,
26453,
26454,
26457,
26460,
26466,
26470,
26471,
26476,
26482,
26483,
26484,
26486,
26490,
26492,
26495,
26496,
26497,
26500,
26503,
26504,
26506,
26508,
26511,
26513,
26515,
26516,
26518,
26523,
26529,
26533,
26534,
26535,
26538,
26539,
26542,
26543,
26544,
26545,
26547,
26549,
26554,
26561,
26562,
26569,
26570,
26571,
26572,
26574,
26584,
26587,
26588,
26595,
26596,
26597,
26598,
26600,
26602,
26609,
26618,
26620,
26624,
26630,
26632,
26633,
26635,
26636,
26638,
26640,
26642,
26643,
26646,
26647,
26649,
26650,
26652,
26654,
26658,
26661,
26662,
26663,
26664,
26665,
26666,
26667,
26669,
26670,
26671,
26672,
26674,
26679,
26680,
26681,
26682,
26684,
26688,
26692,
26693,
26696,
26697,
26701,
26702,
26707,
26713,v
26715,
26716,
26719,
26726,
26729,
26731,
26739,
26743,
26744,
26747,
26752,
26753,
26755,
26756,
26758,
26768,
26770,
26773,
26776,
26779,
26783,
26794,
26797,
26798,
26802,
26803,
26806,
26810,
26814,
26818,
26829,
26830,
26833,
26840,
26842,v
26850,
26851,
26857,
26859,
26860,
26865,
26869,
26870,
26871,
26874,
26883,
26890,
26891,
26898,
26905,
26908,
26910,
26915,
26923,
26925,v
26930,
26931,
26933,
26935,
26936,
26943,
26944,
26945,
26948,
26949,
26953,
26956,
26965,
26974,
26984,
26986,
26987,
26988,
26990,
26991,
26997,
26998,
27001,
27009,
27014,
27015,
27018,
27020,
27921,
27028,
27030,
27031,
27037,
27041,
27043,
27045,
27046,
27048,
27049,
27058,
27068,
27072,
27073,
27077,
27081,
27086,
27087,
27088,
27089,
27090,
27092,
27094,
27098,
27100,
27101,
27102,
27103,
27104,
27105,
27106,
27109,
27110,
27112,
27119,
27122,
27130,
27141,
27143,
27145,
27148,
27149,
27152,
27155,
27159,
27163,
27170,
27174,v
27178,
27181,
27183,
27187,
27193,
27194,
27200,
27201,
27202,
27204,
27207,
27208,
27209,
27211,
27212,
27214,
27218,
27220,
27221,
27222,
27224,
27227,
27228,
27229,
27232,
27234,
27235,
27237,
27239,
27242,
27244,
27245,
27249,
27251,
27252,
27253,
27257,
27259,
27260,
27262,
27264,
27270,
27271,
27279,
27280,
27281,
27283,
27284,
27291,
27293,
27297,
27298,
27299,
27308,
27310,
27311,
27313,
27315,
27316,
27319,
27323,
27324,
27325,
27331,
27332,
27335,
27338,
27339,
27341,
27342,
27344,
27350,
27353,
27354,
27358,
27362,
27364,
27366,
27368,
27371,
27372,
27378,
27379,
27381,
27384,
27387,
27389,
27393,
27399,
27401,
27404,
27406,
27415,
27427,
27428,
27432,
27433,
27434,
27436,
27437,
27441,
27442,
27443,
27447,
27449,
27452,
27455,
27456,
27460,
27462,
27463,
27464,
27465,
27467,
27469,
27470,
27471,
27474,
27475,
27478,
27479,
27490,
27497,
27498,
27507,
27510,
27513,
27515,
27520,
27533,
27534,
27536,
27538,
27540,
27542,
27543,
27548,
27550,
27556,
27559,
27563,
27567,
27572,
27579,
27582,
27583,
27584,
27588,
27590,
27593,
27595,
27604,
27606,
27607,
27610,
27612,
27618,
27619,
27627,
27628,
27629,
27634,
27636,
27640,
27641,
27646,
27650,
27652,
27655,
27656,
27658,
27659,
27663,
27675,
27678,
27680,
27681,
27684,
27685,
27687,
27682,
27694,
27696,
27698,
27699,
27700,
27701,
27702,
27709,
27710,
27713,
27714,
27717,
27718,
27720,
27724,
27726,
27728,
27729,
27731,
27733,
27736,
27737,
27744,
27747,
27749,
27754,
27757,
27767,
27774,
27778,
27779,
27786,
27788,
27795,
27797,
27812,
27814,
27821,
27826,
27830,
27833,
27837,
27838,
27839,
27843,
27848,
27853,
27855,
27857,
27869,
27871,
27879,
27882,
27883,
27884,
27885,
27887,
27888,
27890,
27892,
27893,
27899,
27902,
27903,
27904,
27905,
27907,
27922,
27924,
27928,
27931,
27932,
27933,
27938,
27941,
27943,
27946,
27947,
27953,
27954,
27956,
27959,
27961,
27963,
27965,
27967,
27968,
27971,
27972,
27974,
27976,
27981,
27984,
27986,
27987,
27994,
27995,
27996,
27999,
28001,
28002,
28005,
29007,
28008,
28011,
28018,
28019,
28021,
28022,
28023,
28024,
28029,
28030,
28033,
28040,
28042,
28046,
28049,
28052,
28054,
28057,
28059,
28062,
28063,
28075,
28078,
28081,
28085,
28089,
28090,
28094,
28096,
28097,
28098,
28101,
28102,
28103,
28104,
28105,
28106,
28111,
28112,
28114,
28115,
28120,
28121,
28122,
28123,
28130,
28131,
28132,
28134,
28139,
28141,
28143,
28145,
28152,
28154,
28156,
28157,
28159,
28162,
28166,
28168,
28169,
28172,
28174,
28178,
28187,
28189,
28190,
28191,
28193,
28194,
28195,
28200,
28204,
28206,v
28213,
28218,
28220,
28221,
28225,
28226,
28228,
28229,
28232,
28234,
28235,
28239,
28240,
28241,
28244,
28246,
28254,
28257,
28259,
28265,
28267,
28273,
28279,
28284,
28291,
28294,
28295,
28296,
28300,
28301,
28305,
28307,
28308,
28311,
28318,
28319,
28321,
28326,
28335,
28336,
28337,
28341,
28343,
28349,
28352,
28353,
28356,
28357,
28358,V
28364,
28365,
28366,
28367,
28369,
28371,
28372,
28377,
28379,
28380,
28381,
28382,
28387,
28388,
28390,
28391,
28393,
28395,
28396,
28396,
28401,
28403,
28405,
28408,
28414,
28417,
28418,
28421,
28422,
28426,
28430,
28432,
28439,
28444,
28445,
28448,
28454,
28455,
28457,
28459,
28463,
28464,
28467,
28470,
28471,
28475,
28477,
28482,
28485,
28488,
28498,
28499,
28503,
28504,
28506,
28507,
28517,
28519,
28525,
28526,
28527,
28530,
28532,
28534,
28535,
28536,
28542,
28553,
28554,
28556,
28561,
28562,
28564,
28569,
28570,
28572,
28577,
28578,
28579,
28580,
28584,
28587,
28593,
28594,
28599,
28600,
28601,
28603,
28604,
28607,
28608,
28611,
28613,
28616,
28618,
28620,
28623,
28630,
28634,
28637,
28638,
28640,
28646,
28651,
28652,
28657,
28659,
28662,
28663,
28664,
28676,
28680,
28682,
28683,
28684,
28688,
28690,
28698,
28700,
28703,
28704,
28705,
28711,
28713,
28716,
28718,
28720,
28721,
28724,
28728,
28732,
28735,
28739,
28741,
28753,
28754,
28756,
28757,
28758,
28768,
28769,
28770,
28771,
28772,
28782,
28784,
28785,
28789,
28791,
28796,
28798,
28799,
28800,
28803,
28805,
28806,
28809,
28819,
28821,
28822,
28824,
28826,
28830,
28835,
28836,
28841,
28843,
28844,
28846,
28848,
28851,
28853,
28857,
28860,
28862,
28864,V
28869,
28871,
28872,
28876,
28878,
28879,
28882,
28883,
28885,
28893,
28894,
28898,
28903,
28904,
28905,
28908,
28910,
28912,
28918,
28921,
28925,
28926,
28932,
28933,
28946,
28950,
28955,
28956,
28960,
28966,V
28967,
28976,
28978,
28979,
28980,
28981,
28983,
28984,
28987,
28988,
28989,
28992,
28994,
28995,
28996,
28998,
28999,
29001,
29003,
29007,
29009,
29010,
29013,
29015,
29017,
29019,
29024,
29025,
29026,
29032,
29036,
29038,
29043,
29045,
29046,
29047,
29051,
29052,
29058,
29064,
29066,
29069,
29075,
29078,
29079,
29084,
29086,
29089,
29091,
29092,
29094,
29098,
29099,
29101,
29102,
29104,
29105,
29109,
29110,
29112,
29113,
29115,
29118,
29120,
29123,
29124,
29128,
29131,
29136,
29140,
29141,
29143,
29152,
29153,
29154,
29155,
29156,
29157,
29159,
29161,
29162,
29163,
29166,
29168,v
29169,
29170,
29174,
29180,
29182,
29184,
29186,
29187,
29188,
29192,
29195,
29197,
29203,
29208,
29210,
29211,
29214,
29216,
29218,
29219,
29223,
29224,
29225,
29226,
29229,
29234,
29237,
29239,
29241,
29243,
29244,
29246,
29249,
29253,
29253,
29254,v
29257,
29258,
29259,
29267,
29269,
29271,
29272,
29274,
29278,
29279,
29283,
29289,
29290,
29291,
29293,
29298,
29304,
29308,
29314,
29325,
29328,
29333,
29339,
29340,
29345,v
29346,
29349,
29350,
29351,
29356,
29358,
29359,
29365,
29368,
29369,
29372,
29374,
29377,
29379,
29380,
29383,
29384,
29388,
29390,
29392,
29397,
29406,
29408,
29410,
29414,
29416,
29420,
29422,
29423,
29426,
29430,
29432,
29433,
29434,
29436,
29438,
29442,
29443,
29447,
29448,
29450,
29452,
29462,
29463,
29466,
29467,
29468,
29469,
29471,
29474,
29475,
29481,
29484,
29492,
29495,
29498,
29500,
29503,
29508,
29511,
29515,
29518,
29522,
29524,
29525,
29527,
29529,
29530,
29532,
29533,
29539,
29542,
29544,
29548,
29550,
29553,
29556,
29560,
29561,
29565,
29571,
29573,
29578,
29582,
29584,
29585,
29590,
29591,
29595,
29598,
29605,
29606,
29609,
29612,
29615,
29618,
29622,
29624,
29627,
29631,
29632,
29633,
29637,
29639,
29640,
29642,
29644,
29648,
29649,
29656,
29660,
29665,
29666,
29670,
29678,
29679,
29681,
29685,
29689,
29693,
29694,
29696,
29698,
29701,
29705,
29706,
29708,
29709,
29716,
29719,
29722,
29723,
29731,
29732,
29735,
29737,
29745,
29747,
29750,
29752,
29755,
29759,
29763,
29768,
29770,
29772,
29774,
29775,
29776,
29777,
29782,
29784,
29789,
29792,
29796,
29798,
29799,
29800,
29801,
29808,
29809,
29811,
29813,
29816,
29818,
29821,
29822,
29823,
29825,
29827,
29829,
29831,
29832,
29835,
29836,
29837,
29838,
29840,
29842,
29843,
29844,
29846,
29847,
29848,
29852,
29853,
29857,
29858,
29860,
29863,
29866,
29867,
29868,
29869,
29870,
29871,
29872,
29873,
29874,
29876,
29877,
29881,
29885,
29886,
29887,
29889,
29894,
29895,
29896,
29897,
29898,
29900,
29902,
29903,
29904,
29905,
29906,
29907,
29908,
29909,
29912,
29914,
29915,
29916,
29918,
29921,
29923,
29925,
29927,
29928,
29929,
29930,
29931,
29932,
29934,
29935,
29936,
29937,
29944,
29945,
29949,
29950,
29951,
29952,
29956,
29958,
29959,
29960,
29966,
29967,
29969,
29971,
29976,
29978,
29980,
29982,
29985,
29988,
29989,
29990,
29992,
29994,
29996,
29997,
30000,
30007,
30015,
30016,
30020,
30021,
30023,
30025,
30027,
30028,
30029,
30030,
30033,
30035,
30037,
30038,
30041,
30042,
30044,
30046,
30047,
30049,
30052,
30057,
30059,
30060,
30061,
30063,
30068,
30069,
30073,
30075,
30076,
20077,
30078,
30083,
30084,
30085,
30087,
30089,
30094,
30095,
30096,
30097,
30099,
30105,
30107,
30109,
30110,
30113,
30116,
30117,
30121,
30122,
30123,
30126,
30127,
30128,
30129,
30130,
30131,
30132,
30133,
30134,
30135,
30136,
30137,
30138,
30139,
30141,
30143,
30144,
30149,
30152,
30156,
30158,
30161,
30163,
30164,
30165,
30169,
30173,
30174,
30179,
30180,
30181,
30183,
30184,
30187,
30189,
30190,
30191,
30193,
30194,
30196,
30197,
30198,
30199,
30201,
30205,
30207,
30208,
30210,
30219,
30223,
30226,
30228,
30231,
30232,
30233,
30238,
30239,
30241,
30243,
30245,
30254,
30257,
30260,
30262,
30269,
30272,
30275,
30278,
30279,
30282,
30284,
30285,
30286,
30287,
30289,
30297,
30299,
30300,
30301,
30302,
30305,
30309,
30312,
30313,
30316,
30318,
30321,
30323,
30324,
30327,
30330,
30332,
30334,
30336,
30338,
30340,
30341,
30342,
30345,
30347,
30352,
30355,
30362,
30365,
30369,
30371,
30373,
30374,
30376,
30381,
30381,
30382,
30383,
30384,
30385,
30386,
30389,
30391,
30392,
30394,
30397,
30398,
30400,
30401,
30403,
30404,
30407,
30409,
30410,
30414,
30417,
30419,
30421,
30423,
30424,
30426,
30427,
30430,
30433,
30435,
30436,
30437,
30438,
30444,
30445,
30449,
30458,
30459,
30461,
30462,
30464,
30469,
30470,
30472,
30473,
30474,
30477,
30479,
30480,
30481,
30483,
30484,
30485,
30486,
30487,
30490,
30491,
30492,
30495,
20496,
30499,
30500,
30501,
30502,
30503,
30504,
30505,
30507,
30509,
30510,
30512,
30514,
30516,
30519,
30521,
30527,
30529,
30530,
30534,
30538,
30539,
30540,
30542,
30546,
30547,
30548,
30549,
30550,
30556,
30558,
30559,
30561,
30562,
30568,
30569,
30570,
30573,
30574,
30576,
30577,
30578,
30579,
30581,
30582,
30589,
30591,
30594,
30601,
30604,
30606,
30607,
30609,
30615,
30616,
30617,
30618,
30624,
30626,
30628,
30633,
30635,
30636,
30638,
30640,
30641,
30642,
30643,
30644,
30646,
30647,
30650,
30652,
30654,
30657,
30658,
30660,
30663,
30666,
30669,
30673,
30675,
30676,
30677,
30679,
30682,
30686,
30690,
30695,
30702,
30704,
30705,
30707,
30708,
30709,
30712,
30713,
30714,
30715,
30718,
30720,
30722,
30723,
30720,
30723,
30729,
30734,
30735,
30741,
30746,
30751,
30755,
30756,
30759,
30762,
30763,
30766,
30769,
30770,
30771,
30773,
30374,
30779,
30785,
30786,
30787,
30788,
30793,
30796,
30802,
30804,
30812,
30813,
30814,
30815,
30816,
30818,
30820,
30821,
30825,
30829,
30830,
30831,
30836,
30838,
30841,
30843,
30844,
30848,
30850,
30852,
30856,
30857,
30858,
30860,
30861,
30866,
30869,
30871,
30872,v
30873,
30877,
30881,
30883,
30885,
30886,
30887,
30891,
30892,
30897,
30899,
30900,
30902,
30903,
30904,
30905,
30908,
30911,
30914,
30918,
30919,
30922,
30924,
30928,
30930,
30931,
30933,
30934,
30936,
30937,
30938,
30840,
30941,
30942,
30943,
30945,
30946,
30948,
30949,
30950,
30953,
30954,
30956,
30958,
30959,
30964,
30967,
30969,
30972,
30973,
30974,
30976,
30978,
30981,
30982,
30991,
30995,
30999,
31004,
31005,
31006,
31010,
31011,
31012,
31013,
31017,
31018,
31019,
31020,
31021,
31022,
31024,
31026,
31030,
31031,
31033,
31035,
31036,
31042,
31043,
31047,
31050,
31052,
31053,
31054,
31055,
31058,
31059,
31060,
31064,
31065,
31068,
31071,
31072,
31073,
31079,
31080,
30181,
31083,
31087,
31091,
31096,
31099,
31101,
21102,
31103,
31104,
31105,
31109,
31111,
31115,
31116,
31118,
31119,
31122,
31125,
31126,
31127,
31128,
31133,
31136,
31138,
31139,
31145,
31147,
31148,v
31151,
31153,
31155,
31159,
31164,
31165,
31167,
31168,
31172,
31177,
31180,
31181,
31183,
31189,
31193,
31195,
31196,
31197,
31200,
31203,
31205,
31206,
31209,
31211,
31214,
31216,
31217,
31223,
31224,
31226,
31227,
31228,
31230,
31231,
31233,
31239,
31240,
31245,
31247,
31250,
31251,
31252,
31253,
31254,
31255,
31256,
31261,
31262,
31263,
31266,
31267,
31269,
31270,
31273,
31276,
31282,
31289,
31292,
31294,
31297,
31299,
31301,
31303,
31307,
31311,
31316,
31318,
31319,
31320,
31323,
31324,
31325,
31326,
31327,v
31330,
31331,
31333,
31336,
31344,
31346,
31352,
31356,
31358,
31359,
31360,
31362,
31364,
31365,
31367,
31368,
31369,
31370,
31371,
31372,
31373,
31376,
31378,
31382,
31384,
31385,
31386,
31387,
31390,
31391,
31394,
31399,
31400,
31404,
31405,
31406,
31407,
31408,
31410,
31411,
31413,
31415,
31417,
31418,
31419,
31423,
31426,
31429,
31431,
31433,
31434,
31435,
31437,
31440,
31441,
31445,
31446,
31447,
31448,
31451,
31453,
31456,
31457,
31458,
31459,
31460,
31461,
31463,
31466,
31467,
31468,
31470,
31474,
31475,
31476,
31480,
31481,
31483,
31484,
31486,
31492,
31493,
31495,
31495,
31501,
31503,
31504,
31505,
31506,
31511,
31512,
31513,
31516,
31519,
31523,
31524,
31526,
31528,
31529,
31530,
31531,
31532,
31534,
31537,
31538,
31550,
31556,
31557,
31561,
31563,
31564,
31566,
31567,
31569,
31570,
31572,
31573,
31574,
31576,
31581,
31585,
31588,
31589,
31590,
31591,
31592,
31593,
31594,
31595,
31596,
31597,
31601,
31602,
31603,
31604,
31606,
31607,
31608,
31609,
31611,
31615,
31616,
31618,
31621,
31626,
31628,
31629,
31630,
31631,
31632,
31636,v
31637,
31638,
31642,
31645,
31647,
31648,
31650,
31652,
31656,
31657,
31659,
31665,
31666,
31667,
31669,
31670,
31673,
31676,
31677,
31680,
31681,
31684,
31685,
31687,
31688,
31691,
31692,
31693,
31695,
31697,
31698,
31699,
31700,
31702,
31704,
31709,
31712,
31714,
31716,
31717,
31718,
31719,
31720,
31727,
31730,
31731,
31734,
31738,
31742,
31743,
31744,
31745,
31746,
31747,
31748,
31751,
31753,
31760,
31761,
31766,
31768,
31770,
31771,
31772,
31774,
31777,
31780,
31781,
31782,
31784,
31788,
31792,
31794,
31800,
31893,
31804,
31807,
31810,
31811,
31812,
31814,
31816,
31825,
31828,
31829,
31830,
31832,
31833,
31837,
31843,
31844,
31848,
31849,
31852,
31857,
31859,
31860,
31861,
31863,
31864,
31865,
31867,
31868,
31870,
31875,
31880,
31885,
31886,
31893,
31894,
31899,
31904,
31905,
31912,
31916,
31918,
31922,
31924,
31925,
31926,
31928,
31936,
31940,
31941,
31946,
31947,
31948,
31949,
31955,
31956,
31957,
31958,
31961,
31964,
31968,
31969,
31971,
31972,
31973,
31975,v
31976,
31978,
31980,
31983,
31985,
31987,
31988,
31991,
31992,
31995,
31996,
31997,
31999,
32008,
32009,
32012,
32013,
32018,
32019,
32022,
32023,
32024,
32025,
32028,
32031,
32039,
32042,
32044,
32049,
32051,
32052,
32053,
32054,
32055,
32056,
32059,
32063,
32065,
32067,
32070,
32072,
32073,
32078,
32079,
32080,
32082,
32083,
32088,
32089,
32090,
32093,
32094,
32100,
32101,
32105,
32107,
32108,
32109,
32111,
32112,
32114,
32119,
32120,
32121,
32122,
32123,
32125,
32126,
32128,
32129,
32132,
32137,
32138,
32139,
32144,
32147,
32152,
32155,
32157,
32161,
32166,
32171,v
32172,
32174,
32175,
32177,
32179,
32180,
32184,
32186,
32187,
32188,
32190,
32193,
32196,
32200,
32203,
32205,
32206,
32208,
32209,
32212,
32215,
32222,
32229,
32230,
32232,
32234,
32236,
32237,
32240,
32247,
32248,
32258,
32259,
32261,
32262,
32264,
32265,
32269,
32273,
32283,
32287,
32289,
32291,
32296,
32298,
32300,
32301,
32304,
32307,
32308,
32309,
32310,
32311,
32312,
32313,
32314,
32318,
32327,
32330,
32333,
32335,
32336,
32340,
32345,
32347,
32350,
32352,
32353,
32356,
32357,
32360,
32361,
32362,
32364,
32366,
32367,
32370,
32371,
32372,
32373,
32375,
32378,
32379,
32380,
32383,
32384,
32385,
32386,
32391,
32394,
32396,
32401,
32402,
32405,
32407,
32409,v
32410,
32415,
32418,
32422,
32424,
32425,
32429,
32431,
32432,
32433,
32435,
32438,
32440,
32447,
32450,
32454,
32462,
32464,
32466,
32467,
32469,
32472,
32473,
32474,
32475,
32480,
32482,
32484,
32501,
32503,
32504,
32505,
32514,
32515,
32523,
32524,v
32527,
32529,
32531,v
32534,
32539,
32541,
32542,
32545,
32547,
32550,
32552,
32557,
